Product_ID,Product_Name,Category,Price,Units_Sold,Revenue,Rating,Return_Rate,Seller_Name,High_Return_Flag,Predicted_Return_Probability
Product_1,Max Product_1,Toys,358.65,983,352552.95,3.63,0.16,Seller_B,0,0.26267121814371075
Product_2,Pro Product_2,Home & Kitchen,248.0,79,19592.0,1.23,0.2,Seller_E,0,0.22464258237486734
Product_3,Eco Product_3,Automotive,148.12,206,30512.72,2.09,0.05,Seller_D,0,0.26335768097319834
Product_4,Super Product_4,Electronics,15.76,585,9219.6,3.69,0.05,Seller_D,0,0.2189766434630262
Product_5,Ultra Product_5,Home & Kitchen,20.84,401,8356.84,2.01,0.15,Seller_B,0,0.11672905985564502
Product_6,Ultra Product_6,Home & Kitchen,384.86,298,114688.28,4.03,0.01,Seller_A,0,0.2475779132267422
Product_7,Max Product_7,Automotive,373.36,851,317729.36,2.4,0.06,Seller_E,0,0.3731308801276738
Product_8,Max Product_8,Electronics,38.4,839,32217.6,1.15,0.24,Seller_C,1,0.2770324382671998
Product_9,Eco Product_9,Clothing,141.06,467,65875.02,3.25,0.27,Seller_E,1,0.3425202796418583
Product_10,Max Product_10,Home & Kitchen,170.67,953,162648.51,3.19,0.27,Seller_A,1,0.154844059846096
Product_11,Max Product_11,Books,16.68,434,7239.12,4.67,0.08,Seller_A,0,0.24065703550688303
Product_12,Pro Product_12,Books,93.58,852,79730.16,3.51,0.16,Seller_E,0,0.2454917538483792
Product_13,Ultra Product_13,Clothing,158.33,458,72515.14,4.26,0.15,Seller_A,0,0.3281321511204435
Product_14,Super Product_14,Clothing,219.38,312,68446.56,3.1,0.21,Seller_D,1,0.28250987907850655
Product_15,Ultra Product_15,Toys,316.07,672,212399.04,2.58,0.25,Seller_A,1,0.313248826175302
Product_16,Ultra Product_16,Automotive,214.53,863,185139.39,3.39,0.23,Seller_B,1,0.2529516066621116
Product_17,Super Product_17,Beauty,459.01,258,118424.58,2.77,0.12,Seller_E,0,0.5852485366896433
Product_18,Pro Product_18,Beauty,279.53,552,154300.56,1.26,0.06,Seller_C,0,0.5023966915624197
Product_19,Eco Product_19,Books,280.92,21,5899.32,3.51,0.19,Seller_A,0,0.3273258227184832
Product_20,Super Product_20,Sports,322.92,55,17760.6,1.05,0.07,Seller_B,0,0.39165066140098614
Product_21,Super Product_21,Clothing,438.14,883,386877.62,3.65,0.12,Seller_B,0,0.3096863372619289
Product_22,Eco Product_22,Books,288.88,698,201638.24,3.43,0.16,Seller_E,0,0.30765165128983135
Product_23,Eco Product_23,Books,142.44,213,30339.72,4.84,0.28,Seller_B,1,0.24146998722242838
Product_24,Super Product_24,Clothing,150.08,581,87196.48,4.25,0.18,Seller_B,0,0.26289308084729485
Product_25,Eco Product_25,Clothing,46.12,944,43537.28,1.57,0.02,Seller_B,0,0.18503892991805976
Product_26,Pro Product_26,Beauty,454.86,611,277919.46,1.53,0.24,Seller_D,1,0.42366821232791635
Product_27,Super Product_27,Beauty,281.27,201,56535.27,2.15,0.26,Seller_E,1,0.5221698023662508
Product_28,Ultra Product_28,Books,388.47,488,189573.36,4.93,0.26,Seller_E,1,0.37734150688102114
Product_29,Max Product_29,Toys,108.75,260,28275.0,3.36,0.02,Seller_C,0,0.3583392234359895
Product_30,Max Product_30,Home & Kitchen,493.53,229,113018.37,4.08,0.27,Seller_A,1,0.281275713853821
Product_31,Super Product_31,Beauty,186.94,877,163946.38,4.22,0.18,Seller_D,0,0.3577946237663813
Product_32,Ultra Product_32,Beauty,286.51,533,152709.83,1.83,0.05,Seller_D,0,0.3817598230938532
Product_33,Super Product_33,Books,189.34,421,79712.14,4.0,0.19,Seller_A,0,0.2769999714061662
Product_34,Eco Product_34,Beauty,361.88,291,105307.08,4.14,0.08,Seller_D,0,0.46547532814806303
Product_35,Eco Product_35,Home & Kitchen,117.23,153,17936.19,1.13,0.12,Seller_C,0,0.20865382784602152
Product_36,Eco Product_36,Automotive,307.68,660,203068.8,2.03,0.11,Seller_D,0,0.27071707594904987
Product_37,Max Product_37,Books,6.91,413,2853.83,2.92,0.01,Seller_E,0,0.24743800708800454
Product_38,Pro Product_38,Home & Kitchen,388.47,296,114987.12,2.27,0.03,Seller_B,0,0.18554823553310817
Product_39,Ultra Product_39,Home & Kitchen,365.68,348,127256.64,1.21,0.1,Seller_D,0,0.16563352824443
Product_40,Eco Product_40,Books,170.87,799,136525.13,4.73,0.04,Seller_A,0,0.2540192099206702
Product_41,Eco Product_41,Beauty,352.22,584,205696.48,2.36,0.13,Seller_A,0,0.47389149952868337
Product_42,Max Product_42,Toys,409.26,612,250467.12,2.47,0.14,Seller_D,0,0.2848726923747844
Product_43,Ultra Product_43,Toys,455.81,792,361001.52,4.46,0.01,Seller_E,0,0.4104224661058109
Product_44,Eco Product_44,Toys,58.4,323,18863.2,4.74,0.15,Seller_A,0,0.2987835841086679
Product_45,Eco Product_45,Sports,199.9,915,182908.5,1.12,0.02,Seller_A,0,0.3396447856494277
Product_46,Super Product_46,Books,57.95,554,32104.3,2.75,0.02,Seller_E,0,0.2481135956184634
Product_47,Super Product_47,Sports,363.8,35,12733.0,2.21,0.01,Seller_D,0,0.42078836401487285
Product_48,Ultra Product_48,Clothing,142.03,208,29542.24,3.43,0.0,Seller_C,0,0.39458981292506173
Product_49,Pro Product_49,Automotive,225.47,549,123783.03,3.54,0.14,Seller_A,0,0.3353389534332222
Product_50,Ultra Product_50,Toys,264.99,145,38423.55,2.55,0.14,Seller_E,0,0.37767694369802984
Product_51,Ultra Product_51,Books,287.53,432,124212.96,4.67,0.13,Seller_C,0,0.3734718175360933
Product_52,Super Product_52,Toys,412.09,521,214698.89,3.97,0.15,Seller_B,0,0.3174630156828291
Product_53,Max Product_53,Electronics,236.85,391,92608.35,3.93,0.24,Seller_C,1,0.4149052864742054
Product_54,Eco Product_54,Toys,364.57,804,293114.28,4.78,0.22,Seller_D,1,0.2893090790278024
Product_55,Pro Product_55,Home & Kitchen,390.42,151,58953.42,2.22,0.14,Seller_B,0,0.193791900920643
Product_56,Max Product_56,Sports,481.45,280,134806.0,4.67,0.1,Seller_B,0,0.48136722742593707
Product_57,Pro Product_57,Toys,171.7,540,92718.0,1.18,0.24,Seller_E,1,0.29690382237856927
Product_58,Eco Product_58,Sports,152.2,26,3957.2,4.53,0.2,Seller_D,0,0.39093322406551423
Product_59,Max Product_59,Toys,70.0,836,58520.0,2.89,0.05,Seller_E,0,0.2699622578963793
Product_60,Pro Product_60,Toys,386.87,694,268487.78,1.63,0.0,Seller_C,0,0.37972779529499906
Product_61,Pro Product_61,Electronics,477.79,292,139514.68,4.6,0.14,Seller_C,0,0.5143933577173974
Product_62,Super Product_62,Toys,475.26,618,293710.68,2.69,0.2,Seller_A,0,0.3667615296895544
Product_63,Ultra Product_63,Automotive,44.17,790,34894.3,2.28,0.08,Seller_B,0,0.2050202537180366
Product_64,Pro Product_64,Clothing,362.98,371,134665.58,3.8,0.05,Seller_B,0,0.3319343417445129
Product_65,Max Product_65,Automotive,491.53,364,178916.92,4.54,0.08,Seller_D,0,0.3846793412617448
Product_66,Pro Product_66,Toys,362.15,601,217652.15,1.03,0.01,Seller_A,0,0.3100597310736613
Product_67,Ultra Product_67,Automotive,369.69,695,256934.55,2.58,0.15,Seller_B,0,0.2957480227361116
Product_68,Max Product_68,Clothing,476.18,556,264756.08,3.84,0.21,Seller_D,1,0.34668360963983896
Product_69,Pro Product_69,Electronics,93.75,641,60093.75,2.88,0.29,Seller_B,1,0.22705555498482624
Product_70,Super Product_70,Home & Kitchen,239.73,777,186270.21,4.27,0.27,Seller_C,1,0.23210525319959838
Product_71,Super Product_71,Electronics,340.71,717,244289.07,4.2,0.24,Seller_B,1,0.3018981411499721
Product_72,Pro Product_72,Automotive,472.75,380,179645.0,3.18,0.14,Seller_A,0,0.421559314169652
Product_73,Max Product_73,Home & Kitchen,486.94,332,161664.08,4.82,0.18,Seller_B,0,0.23270321328400673
Product_74,Super Product_74,Books,133.74,540,72219.6,3.24,0.21,Seller_C,1,0.2980314829991845
Product_75,Max Product_75,Home & Kitchen,219.0,444,97236.0,3.7,0.01,Seller_C,0,0.24289490801489036
Product_76,Max Product_76,Toys,456.13,889,405499.57,2.59,0.25,Seller_C,1,0.39931895997390465
Product_77,Max Product_77,Books,155.6,383,59594.8,3.8,0.17,Seller_E,0,0.3003933928130946
Product_78,Max Product_78,Electronics,32.36,449,14529.64,4.08,0.13,Seller_B,0,0.23956983327126646
Product_79,Super Product_79,Automotive,102.64,715,73387.6,4.46,0.1,Seller_E,0,0.33386873866730593
Product_80,Eco Product_80,Sports,492.05,614,302118.7,4.09,0.27,Seller_B,1,0.4441990982063632
Product_81,Pro Product_81,Books,340.92,116,39546.72,4.87,0.25,Seller_E,1,0.3944939123061982
Product_82,Pro Product_82,Beauty,245.3,741,181767.3,2.21,0.06,Seller_E,0,0.4607055018413547
Product_83,Ultra Product_83,Home & Kitchen,199.43,301,60028.43,4.15,0.23,Seller_B,1,0.16693642135210843
Product_84,Ultra Product_84,Automotive,253.44,694,175887.36,1.02,0.07,Seller_B,0,0.2451076741793182
Product_85,Pro Product_85,Automotive,361.92,155,56097.6,3.09,0.2,Seller_B,0,0.3448626862561462
Product_86,Super Product_86,Automotive,396.09,57,22577.13,4.22,0.26,Seller_B,1,0.3811286728247554
Product_87,Super Product_87,Clothing,218.18,900,196362.0,4.17,0.01,Seller_D,0,0.252893409923595
Product_88,Pro Product_88,Toys,376.42,531,199879.02,2.69,0.3,Seller_C,1,0.40775388366223025
Product_89,Max Product_89,Electronics,363.49,907,329685.43,3.03,0.06,Seller_E,0,0.36762891775008694
Product_90,Eco Product_90,Clothing,444.13,177,78611.01,1.0,0.1,Seller_B,0,0.3308306750690858
Product_91,Super Product_91,Automotive,243.29,448,108993.92,3.2,0.09,Seller_C,0,0.4076536469762129
Product_92,Max Product_92,Electronics,179.15,416,74526.4,3.51,0.3,Seller_B,1,0.2717882716133291
Product_93,Max Product_93,Beauty,239.12,213,50932.56,4.07,0.1,Seller_E,0,0.5387833316243145
Product_94,Pro Product_94,Clothing,123.11,972,119662.92,5.0,0.19,Seller_B,0,0.237992702565457
Product_95,Eco Product_95,Clothing,173.09,655,113373.95,1.46,0.14,Seller_D,0,0.22605750075866443
Product_96,Eco Product_96,Books,477.31,838,399985.78,4.1,0.27,Seller_A,1,0.32588180753391155
Product_97,Max Product_97,Automotive,139.37,27,3762.99,2.36,0.05,Seller_D,0,0.2778386003397154
Product_98,Pro Product_98,Books,307.18,865,265710.7,3.21,0.2,Seller_C,0,0.320753909106566
Product_99,Eco Product_99,Sports,332.37,625,207731.25,3.91,0.04,Seller_D,0,0.38464333695685526
Product_100,Ultra Product_100,Toys,158.21,475,75149.75,4.93,0.11,Seller_A,0,0.3175578109835441
Product_101,Pro Product_101,Electronics,46.13,881,40640.53,2.69,0.15,Seller_D,0,0.19646491468522126
Product_102,Max Product_102,Home & Kitchen,296.03,32,9472.96,4.21,0.26,Seller_D,1,0.1990593308818904
Product_103,Ultra Product_103,Sports,154.77,619,95802.63,1.82,0.22,Seller_B,1,0.3049045185689091
Product_104,Max Product_104,Home & Kitchen,48.18,896,43169.28,1.6,0.1,Seller_E,0,0.1435792897036907
Product_105,Ultra Product_105,Sports,29.53,586,17304.58,1.41,0.26,Seller_B,1,0.26794515656217716
Product_106,Super Product_106,Sports,476.64,349,166347.36,1.51,0.13,Seller_E,0,0.5245451523039888
Product_107,Max Product_107,Toys,349.65,615,215034.75,1.85,0.19,Seller_C,0,0.3785002282649767
Product_108,Max Product_108,Sports,161.08,214,34471.12,4.94,0.11,Seller_D,0,0.38344783385066417
Product_109,Super Product_109,Toys,12.88,442,5692.96,3.73,0.2,Seller_B,0,0.2172717020866914
Product_110,Super Product_110,Books,489.73,575,281594.75,1.07,0.13,Seller_A,0,0.3073697620779351
Product_111,Eco Product_111,Automotive,479.37,796,381578.52,3.49,0.24,Seller_B,1,0.33189157285189225
Product_112,Max Product_112,Clothing,293.28,467,136961.76,1.87,0.15,Seller_A,0,0.33199575072901194
Product_113,Super Product_113,Beauty,221.73,721,159867.33,4.75,0.22,Seller_A,1,0.4573977859700963
Product_114,Max Product_114,Sports,187.1,103,19271.3,3.38,0.07,Seller_E,0,0.4825091388544118
Product_115,Pro Product_115,Home & Kitchen,222.36,13,2890.68,1.83,0.08,Seller_E,0,0.22999044228199336
Product_116,Pro Product_116,Clothing,71.54,48,3433.92,2.97,0.1,Seller_B,0,0.26499487664550475
Product_117,Max Product_117,Sports,52.95,338,17897.1,3.52,0.18,Seller_C,0,0.4469022697167678
Product_118,Pro Product_118,Sports,130.02,696,90493.92,4.12,0.3,Seller_E,1,0.4208974277803587
Product_119,Ultra Product_119,Electronics,120.59,828,99848.52,1.15,0.02,Seller_E,0,0.27693568994801043
Product_120,Eco Product_120,Sports,47.2,778,36721.6,3.93,0.18,Seller_B,0,0.29178858519611045
Product_121,Pro Product_121,Electronics,445.78,168,74891.04,3.75,0.19,Seller_C,0,0.501324678438247
Product_122,Eco Product_122,Toys,367.46,725,266408.5,1.25,0.05,Seller_C,0,0.3651088572811293
Product_123,Pro Product_123,Automotive,291.48,919,267870.12,3.74,0.23,Seller_D,1,0.26965936168539634
Product_124,Eco Product_124,Electronics,382.85,541,207121.85,4.58,0.14,Seller_B,0,0.33376991309958504
Product_125,Max Product_125,Beauty,114.63,719,82418.97,1.14,0.18,Seller_D,0,0.30456077728294495
Product_126,Super Product_126,Sports,371.88,268,99663.84,2.49,0.04,Seller_B,0,0.4109875160770663
Product_127,Max Product_127,Beauty,103.97,253,26304.41,3.22,0.27,Seller_A,1,0.43708703252150843
Product_128,Eco Product_128,Home & Kitchen,262.15,486,127404.9,2.7,0.03,Seller_A,0,0.1926274013726682
Product_129,Eco Product_129,Electronics,490.49,841,412502.09,2.74,0.05,Seller_B,0,0.3137503796877205
Product_130,Pro Product_130,Clothing,226.19,710,160594.9,4.54,0.28,Seller_B,1,0.27705458377191783
Product_131,Eco Product_131,Toys,276.17,705,194699.85,2.9,0.02,Seller_C,0,0.3640888054357906
Product_132,Ultra Product_132,Books,354.33,6,2125.98,1.12,0.12,Seller_C,0,0.3765858537261326
Product_133,Pro Product_133,Beauty,23.27,480,11169.6,2.58,0.17,Seller_D,0,0.3182198171549678
Product_134,Eco Product_134,Books,353.88,442,156414.96,1.02,0.27,Seller_A,1,0.2796466383675957
Product_135,Ultra Product_135,Sports,305.61,542,165640.62,2.57,0.3,Seller_C,1,0.4956949900261507
Product_136,Super Product_136,Beauty,208.25,437,91005.25,1.92,0.13,Seller_A,0,0.43299122603599527
Product_137,Eco Product_137,Clothing,335.08,777,260357.16,4.23,0.2,Seller_A,0,0.3535155171200206
Product_138,Ultra Product_138,Home & Kitchen,313.5,575,180262.5,1.81,0.07,Seller_B,0,0.15267308016003922
Product_139,Pro Product_139,Sports,281.52,714,201005.28,2.9,0.22,Seller_C,1,0.47705815231764453
Product_140,Super Product_140,Clothing,293.51,903,265039.53,2.78,0.21,Seller_E,1,0.34426990272333563
Product_141,Eco Product_141,Sports,313.67,503,157776.01,3.27,0.24,Seller_C,1,0.5136117006972364
Product_142,Eco Product_142,Clothing,48.37,128,6191.36,2.19,0.15,Seller_E,0,0.327786094775263
Product_143,Pro Product_143,Books,341.4,380,129732.0,1.42,0.26,Seller_E,1,0.31966906404029727
Product_144,Ultra Product_144,Clothing,12.0,303,3636.0,1.05,0.24,Seller_C,1,0.31133169378976133
Product_145,Max Product_145,Books,224.98,981,220705.38,2.77,0.11,Seller_E,0,0.260040221135638
Product_146,Pro Product_146,Electronics,12.39,19,235.41,2.76,0.09,Seller_D,0,0.24499457601340993
Product_147,Pro Product_147,Beauty,111.96,221,24743.16,4.88,0.27,Seller_C,1,0.537679708737777
Product_148,Max Product_148,Toys,54.86,292,16019.12,2.89,0.0,Seller_D,0,0.22390576104178114
Product_149,Eco Product_149,Home & Kitchen,63.7,643,40959.1,3.61,0.07,Seller_A,0,0.15511333004501188
Product_150,Eco Product_150,Beauty,322.47,964,310861.08,1.78,0.28,Seller_A,1,0.41948006707494107
Product_151,Super Product_151,Automotive,140.08,254,35580.32,2.01,0.0,Seller_A,0,0.31255485141860107
Product_152,Eco Product_152,Beauty,152.16,947,144095.52,4.0,0.14,Seller_C,0,0.4685115901020951
Product_153,Super Product_153,Home & Kitchen,101.96,420,42823.2,4.75,0.14,Seller_B,0,0.14908965566213658
Product_154,Pro Product_154,Toys,290.45,603,175141.35,1.17,0.22,Seller_A,1,0.2918343005819744
Product_155,Max Product_155,Beauty,480.52,74,35558.48,2.71,0.1,Seller_A,0,0.5695889058699082
Product_156,Max Product_156,Beauty,101.95,640,65248.0,2.13,0.17,Seller_D,0,0.32140582403189527
Product_157,Eco Product_157,Home & Kitchen,5.17,543,2807.31,4.01,0.22,Seller_E,1,0.174941443056768
Product_158,Eco Product_158,Home & Kitchen,406.55,956,388661.8,4.77,0.14,Seller_D,0,0.17438860827053682
Product_159,Super Product_159,Toys,47.11,534,25156.74,4.35,0.24,Seller_A,1,0.27427808868647796
Product_160,Eco Product_160,Sports,442.43,85,37606.55,3.61,0.15,Seller_C,0,0.5997965018149451
Product_161,Ultra Product_161,Toys,23.37,884,20659.08,2.92,0.17,Seller_C,0,0.2770754628834229
Product_162,Ultra Product_162,Books,256.59,694,178073.46,1.34,0.08,Seller_A,0,0.24073595669417325
Product_163,Pro Product_163,Electronics,151.73,494,74954.62,3.54,0.16,Seller_D,0,0.25597984798689183
Product_164,Max Product_164,Automotive,279.94,127,35552.38,3.31,0.2,Seller_B,0,0.3261940866655258
Product_165,Ultra Product_165,Beauty,41.34,326,13476.84,3.72,0.21,Seller_C,1,0.4852723048619281
Product_166,Ultra Product_166,Toys,391.88,425,166549.0,3.12,0.06,Seller_C,0,0.4293470726338248
Product_167,Max Product_167,Automotive,347.92,650,226148.0,3.94,0.05,Seller_A,0,0.3698234164155859
Product_168,Super Product_168,Clothing,416.49,867,361096.83,1.89,0.21,Seller_A,1,0.3353075795795548
Product_169,Super Product_169,Books,71.06,405,28779.3,2.49,0.28,Seller_A,1,0.22963026427152045
Product_170,Ultra Product_170,Toys,424.45,564,239389.8,3.69,0.22,Seller_B,1,0.3135197722402196
Product_171,Super Product_171,Electronics,374.01,80,29920.8,1.37,0.08,Seller_E,0,0.41865418607541555
Product_172,Eco Product_172,Automotive,311.52,399,124296.48,1.07,0.11,Seller_A,0,0.3368743219924129
Product_173,Eco Product_173,Automotive,219.35,899,197195.65,4.52,0.23,Seller_B,1,0.26596452194225406
Product_174,Eco Product_174,Home & Kitchen,240.77,842,202728.34,3.56,0.02,Seller_D,0,0.14036220587483994
Product_175,Super Product_175,Home & Kitchen,439.37,879,386206.23,2.61,0.0,Seller_A,0,0.20569068653922656
Product_176,Max Product_176,Automotive,295.29,738,217924.02,1.69,0.13,Seller_B,0,0.26087009005052636
Product_177,Eco Product_177,Electronics,393.24,780,306727.2,3.62,0.05,Seller_C,0,0.4249427316058483
Product_178,Pro Product_178,Automotive,143.22,446,63876.12,4.29,0.28,Seller_D,1,0.2730151201627818
Product_179,Ultra Product_179,Clothing,448.76,225,100971.0,3.84,0.18,Seller_B,0,0.37093787159903757
Product_180,Super Product_180,Beauty,389.57,589,229456.73,3.42,0.23,Seller_B,1,0.4394895426473365
Product_181,Eco Product_181,Automotive,186.23,516,96094.68,2.94,0.02,Seller_B,0,0.2649893964610062
Product_182,Ultra Product_182,Books,183.27,975,178688.25,3.89,0.16,Seller_E,0,0.26411282813837356
Product_183,Pro Product_183,Sports,46.17,869,40121.73,2.14,0.28,Seller_C,1,0.374565083464025
Product_184,Max Product_184,Toys,84.81,365,30955.65,3.59,0.11,Seller_B,0,0.2374774668613161
Product_185,Super Product_185,Clothing,266.41,720,191815.2,4.11,0.29,Seller_E,1,0.3720110822353075
Product_186,Super Product_186,Electronics,417.56,582,243019.92,1.29,0.1,Seller_A,0,0.3493809673569407
Product_187,Eco Product_187,Books,458.02,547,250536.94,1.44,0.09,Seller_D,0,0.2508867272378462
Product_188,Ultra Product_188,Automotive,40.19,940,37778.6,3.03,0.17,Seller_E,0,0.27834190332527436
Product_189,Super Product_189,Sports,378.93,316,119741.88,3.3,0.21,Seller_E,1,0.5248496906557201
Product_190,Pro Product_190,Books,195.18,484,94467.12,3.01,0.12,Seller_B,0,0.21459687391368112
Product_191,Eco Product_191,Home & Kitchen,189.22,404,76444.88,2.54,0.15,Seller_B,0,0.1460037118074405
Product_192,Ultra Product_192,Electronics,13.2,237,3128.4,1.02,0.22,Seller_D,1,0.2105876942753071
Product_193,Ultra Product_193,Electronics,5.24,640,3353.6,1.12,0.07,Seller_C,0,0.28279899767317984
Product_194,Eco Product_194,Clothing,93.3,344,32095.2,4.95,0.04,Seller_D,0,0.27113335143196354
Product_195,Eco Product_195,Home & Kitchen,396.91,613,243305.83,1.57,0.01,Seller_A,0,0.201555123699165
Product_196,Ultra Product_196,Beauty,404.66,31,12544.46,2.43,0.28,Seller_B,1,0.4801223776727374
Product_197,Max Product_197,Sports,80.51,245,19724.95,3.71,0.08,Seller_C,0,0.4677549999559622
Product_198,Max Product_198,Beauty,189.53,817,154846.01,4.51,0.18,Seller_B,0,0.3723698953880463
Product_199,Ultra Product_199,Beauty,485.2,883,428431.6,2.88,0.21,Seller_E,1,0.5379441535819504
Product_200,Pro Product_200,Clothing,235.69,356,83905.64,4.67,0.17,Seller_E,0,0.40352216443733546
Product_201,Super Product_201,Clothing,149.0,757,112793.0,1.44,0.12,Seller_A,0,0.2634917032977021
Product_202,Eco Product_202,Electronics,436.1,175,76317.5,1.42,0.25,Seller_E,1,0.4308973721430317
Product_203,Eco Product_203,Automotive,420.54,54,22709.16,4.4,0.28,Seller_A,1,0.45446391432105554
Product_204,Max Product_204,Automotive,67.63,510,34491.3,4.82,0.04,Seller_A,0,0.31125542290202934
Product_205,Ultra Product_205,Sports,480.17,279,133967.43,4.54,0.23,Seller_A,1,0.5429216285103641
Product_206,Ultra Product_206,Sports,303.97,515,156544.55,3.45,0.25,Seller_D,1,0.3782918746164949
Product_207,Max Product_207,Beauty,368.65,946,348742.9,1.68,0.24,Seller_E,1,0.47359144989834334
Product_208,Pro Product_208,Home & Kitchen,225.13,199,44800.87,4.92,0.22,Seller_B,1,0.18480232301273317
Product_209,Eco Product_209,Electronics,34.11,876,29880.36,1.62,0.11,Seller_B,0,0.1860723915230277
Product_210,Super Product_210,Sports,347.03,62,21515.86,1.54,0.28,Seller_D,1,0.4022030462856764
Product_211,Super Product_211,Electronics,327.28,531,173785.68,3.97,0.13,Seller_A,0,0.367028419150007
Product_212,Max Product_212,Books,84.32,208,17538.56,1.21,0.04,Seller_B,0,0.18841892824584697
Product_213,Super Product_213,Clothing,256.16,225,57636.0,2.82,0.17,Seller_D,0,0.29543157426312305
Product_214,Super Product_214,Sports,359.3,339,121802.7,2.09,0.27,Seller_D,1,0.3899695395159297
Product_215,Max Product_215,Clothing,483.64,888,429472.32,3.6,0.1,Seller_D,0,0.3177521480903179
Product_216,Super Product_216,Electronics,226.53,839,190058.67,3.31,0.06,Seller_D,0,0.24744843393005136
Product_217,Ultra Product_217,Electronics,181.52,76,13795.52,3.38,0.28,Seller_C,1,0.41690615581833446
Product_218,Max Product_218,Electronics,401.44,172,69047.68,4.39,0.12,Seller_B,0,0.3680160606934388
Product_219,Max Product_219,Sports,162.83,737,120005.71,2.97,0.26,Seller_D,1,0.3102012977314318
Product_220,Max Product_220,Toys,19.42,214,4155.88,2.41,0.24,Seller_A,1,0.265362476726463
Product_221,Ultra Product_221,Sports,273.57,14,3829.98,2.58,0.0,Seller_D,0,0.3996483935941361
Product_222,Ultra Product_222,Automotive,333.35,372,124006.2,3.1,0.23,Seller_C,1,0.4421955596805416
Product_223,Super Product_223,Home & Kitchen,285.21,110,31373.1,2.18,0.05,Seller_C,0,0.26416681504066514
Product_224,Ultra Product_224,Books,185.14,437,80906.18,2.49,0.13,Seller_A,0,0.2552187419162124
Product_225,Max Product_225,Automotive,186.18,285,53061.3,1.74,0.29,Seller_C,1,0.3810584973622157
Product_226,Max Product_226,Beauty,162.44,677,109971.88,3.36,0.22,Seller_C,1,0.4865965071962771
Product_227,Eco Product_227,Sports,296.86,93,27607.98,3.19,0.02,Seller_A,0,0.4772951085143317
Product_228,Eco Product_228,Sports,110.92,670,74316.4,4.87,0.2,Seller_E,0,0.42922239252345196
Product_229,Ultra Product_229,Books,341.19,780,266128.2,1.03,0.08,Seller_D,0,0.20367498072930648
Product_230,Super Product_230,Books,348.58,407,141872.06,2.34,0.11,Seller_D,0,0.2447037508348638
Product_231,Pro Product_231,Beauty,356.26,691,246175.66,4.89,0.19,Seller_C,0,0.574375748406382
Product_232,Eco Product_232,Toys,320.63,594,190454.22,1.13,0.25,Seller_C,1,0.3602567784696299
Product_233,Eco Product_233,Beauty,459.89,774,355954.86,4.31,0.27,Seller_E,1,0.5631722676640752
Product_234,Max Product_234,Clothing,349.85,985,344602.25,1.86,0.14,Seller_A,0,0.3059837984450816
Product_235,Ultra Product_235,Sports,13.57,235,3188.95,1.85,0.09,Seller_C,0,0.4164293734443308
Product_236,Super Product_236,Books,327.12,276,90285.12,4.19,0.29,Seller_D,1,0.27211676611539914
Product_237,Ultra Product_237,Beauty,55.34,939,51964.26,4.25,0.04,Seller_E,0,0.41367645339089504
Product_238,Super Product_238,Electronics,197.83,433,85660.39,4.08,0.19,Seller_D,0,0.27945985117025146
Product_239,Ultra Product_239,Toys,24.61,535,13166.35,2.05,0.2,Seller_D,0,0.1931074358318051
Product_240,Pro Product_240,Electronics,176.09,902,158833.18,4.82,0.23,Seller_C,1,0.3642355197382825
Product_241,Max Product_241,Toys,166.57,563,93778.91,4.76,0.23,Seller_E,1,0.3451507334119199
Product_242,Max Product_242,Beauty,291.31,93,27091.83,4.5,0.1,Seller_C,0,0.6015429711039098
Product_243,Super Product_243,Automotive,328.19,593,194616.67,3.4,0.21,Seller_D,1,0.2998714752442988
Product_244,Max Product_244,Clothing,197.1,430,84753.0,2.58,0.26,Seller_C,1,0.37883635731722165
Product_245,Max Product_245,Automotive,78.14,563,43992.82,4.12,0.24,Seller_A,1,0.3001598312286158
Product_246,Pro Product_246,Electronics,15.5,580,8990.0,1.09,0.02,Seller_E,0,0.2669413465121835
Product_247,Max Product_247,Automotive,398.43,98,39046.14,4.74,0.12,Seller_A,0,0.44868654296750304
Product_248,Eco Product_248,Electronics,133.02,234,31126.68,1.05,0.18,Seller_D,0,0.2388077524223381
Product_249,Eco Product_249,Toys,387.07,767,296882.69,1.01,0.05,Seller_D,0,0.24886385596447172
Product_250,Max Product_250,Automotive,91.64,661,60574.04,3.31,0.02,Seller_B,0,0.2358415450763376
Product_251,Super Product_251,Sports,320.91,622,199606.02,3.93,0.21,Seller_C,1,0.5157854756816291
Product_252,Super Product_252,Electronics,381.95,681,260107.95,3.7,0.03,Seller_B,0,0.3093521631116578
Product_253,Pro Product_253,Sports,105.46,407,42922.22,2.23,0.07,Seller_E,0,0.4089026580561652
Product_254,Pro Product_254,Electronics,308.16,396,122031.36,2.18,0.22,Seller_E,1,0.382123234703879
Product_255,Max Product_255,Clothing,271.34,679,184239.86,1.53,0.16,Seller_D,0,0.24886874529733813
Product_256,Ultra Product_256,Automotive,373.23,188,70167.24,2.69,0.09,Seller_E,0,0.43753065880118186
Product_257,Ultra Product_257,Sports,160.8,135,21708.0,1.04,0.16,Seller_D,0,0.33093077961206363
Product_258,Max Product_258,Beauty,463.48,859,398129.32,2.18,0.13,Seller_B,0,0.4186098733606817
Product_259,Max Product_259,Books,259.73,156,40517.88,4.71,0.11,Seller_B,0,0.2736492907220821
Product_260,Eco Product_260,Clothing,201.05,654,131486.7,2.8,0.12,Seller_C,0,0.3638567470478288
Product_261,Max Product_261,Toys,288.3,65,18739.5,4.58,0.22,Seller_E,1,0.42456979749499985
Product_262,Eco Product_262,Automotive,417.41,9,3756.69,2.05,0.04,Seller_C,0,0.48647541324001076
Product_263,Pro Product_263,Electronics,480.94,407,195742.58,4.82,0.07,Seller_B,0,0.37875335189685605
Product_264,Eco Product_264,Toys,172.17,145,24964.65,3.25,0.02,Seller_A,0,0.32431325609672745
Product_265,Eco Product_265,Beauty,355.09,736,261346.24,4.02,0.01,Seller_E,0,0.5274668052131841
Product_266,Super Product_266,Beauty,30.64,211,6465.04,1.39,0.15,Seller_C,0,0.45404926471872953
Product_267,Super Product_267,Clothing,204.96,347,71121.12,1.41,0.27,Seller_A,1,0.309623661895996
Product_268,Ultra Product_268,Clothing,398.37,325,129470.25,1.75,0.22,Seller_E,1,0.41177503801779347
Product_269,Ultra Product_269,Automotive,62.43,445,27781.35,2.07,0.18,Seller_C,0,0.33459887061977867
Product_270,Pro Product_270,Books,158.63,513,81377.19,3.2,0.13,Seller_B,0,0.2068133328613677
Product_271,Pro Product_271,Automotive,261.74,55,14395.7,2.21,0.07,Seller_C,0,0.4335462071456057
Product_272,Ultra Product_272,Beauty,370.32,832,308106.24,2.26,0.12,Seller_A,0,0.4550935290858869
Product_273,Super Product_273,Automotive,339.29,438,148609.02,1.99,0.09,Seller_A,0,0.35569782104927883
Product_274,Eco Product_274,Beauty,231.29,944,218337.76,4.34,0.1,Seller_E,0,0.4722416676312465
Product_275,Super Product_275,Books,173.76,388,67418.88,4.09,0.17,Seller_E,0,0.309172972340551
Product_276,Super Product_276,Sports,244.67,799,195491.33,4.96,0.26,Seller_D,1,0.35847293219396087
Product_277,Ultra Product_277,Books,399.02,724,288890.48,3.35,0.06,Seller_A,0,0.30201529104237823
Product_278,Ultra Product_278,Home & Kitchen,182.63,544,99350.72,2.97,0.18,Seller_E,0,0.20025584467990065
Product_279,Max Product_279,Home & Kitchen,11.85,442,5237.7,1.45,0.27,Seller_A,1,0.13805250739512098
Product_280,Max Product_280,Automotive,339.57,338,114774.66,2.97,0.27,Seller_A,1,0.3795832266719102
Product_281,Max Product_281,Toys,316.92,217,68771.64,1.31,0.14,Seller_B,0,0.27808779904741154
Product_282,Super Product_282,Toys,499.97,869,434473.93,4.9,0.16,Seller_B,0,0.327901449743246
Product_283,Pro Product_283,Automotive,370.23,389,144019.47,2.51,0.25,Seller_C,1,0.44306049022352184
Product_284,Pro Product_284,Books,285.5,980,279790.0,1.03,0.0,Seller_A,0,0.22477778095708456
Product_285,Eco Product_285,Toys,258.38,308,79581.04,1.91,0.26,Seller_C,1,0.3780132657961263
Product_286,Super Product_286,Books,378.28,83,31397.24,3.01,0.29,Seller_E,1,0.3799689789614431
Product_287,Super Product_287,Automotive,22.21,322,7151.62,3.39,0.06,Seller_E,0,0.32716998760791977
Product_288,Max Product_288,Home & Kitchen,367.78,278,102242.84,4.65,0.16,Seller_C,0,0.3069902847083604
Product_289,Max Product_289,Clothing,41.71,34,1418.14,4.09,0.05,Seller_A,0,0.32657224360902654
Product_290,Ultra Product_290,Books,112.09,215,24099.35,1.24,0.07,Seller_E,0,0.2670321750186627
Product_291,Ultra Product_291,Sports,349.54,802,280331.08,1.39,0.26,Seller_A,1,0.3998722790489931
Product_292,Eco Product_292,Beauty,251.0,807,202557.0,4.55,0.28,Seller_B,1,0.39315484033695175
Product_293,Eco Product_293,Home & Kitchen,255.32,44,11234.08,1.21,0.01,Seller_A,0,0.2018053025823131
Product_294,Pro Product_294,Home & Kitchen,467.8,490,229222.0,1.7,0.16,Seller_C,0,0.2776153893902903
Product_295,Super Product_295,Toys,404.12,979,395633.48,2.43,0.27,Seller_A,1,0.31149522237162774
Product_296,Pro Product_296,Sports,301.97,399,120486.03,1.8,0.25,Seller_C,1,0.4951424105857354
Product_297,Ultra Product_297,Sports,15.28,927,14164.56,1.78,0.14,Seller_D,0,0.2413881272019039
Product_298,Ultra Product_298,Home & Kitchen,178.03,854,152037.62,2.24,0.0,Seller_A,0,0.1527581612499742
Product_299,Eco Product_299,Books,37.76,20,755.2,1.02,0.16,Seller_B,0,0.18782361519461774
Product_300,Super Product_300,Books,232.73,289,67258.97,1.94,0.16,Seller_A,0,0.27116237954205036
Product_301,Eco Product_301,Books,218.68,748,163572.64,2.43,0.15,Seller_E,0,0.2710546277529946
Product_302,Pro Product_302,Books,343.59,734,252195.06,1.86,0.25,Seller_E,1,0.29818102629714816
Product_303,Super Product_303,Home & Kitchen,106.57,797,84936.29,3.91,0.09,Seller_D,0,0.12451317086006283
Product_304,Max Product_304,Beauty,297.09,716,212716.44,4.87,0.04,Seller_E,0,0.5241765252956841
Product_305,Ultra Product_305,Books,131.91,910,120038.1,4.21,0.03,Seller_D,0,0.18551556045831652
Product_306,Super Product_306,Clothing,25.29,801,20257.29,1.64,0.05,Seller_D,0,0.18698568331545742
Product_307,Super Product_307,Books,393.85,139,54745.15,3.05,0.27,Seller_C,1,0.40765829178278473
Product_308,Ultra Product_308,Beauty,288.01,951,273897.51,2.5,0.29,Seller_D,1,0.35607365949239694
Product_309,Eco Product_309,Sports,120.12,40,4804.8,1.34,0.03,Seller_D,0,0.33126063110687154
Product_310,Eco Product_310,Automotive,387.08,194,75093.52,1.29,0.1,Seller_B,0,0.3225377393553348
Product_311,Pro Product_311,Clothing,93.88,606,56891.28,2.61,0.04,Seller_C,0,0.33280935526810135
Product_312,Max Product_312,Automotive,40.88,142,5804.96,1.76,0.29,Seller_C,1,0.34910249902330115
Product_313,Eco Product_313,Toys,453.18,199,90182.82,3.04,0.2,Seller_A,0,0.4024746826044411
Product_314,Ultra Product_314,Home & Kitchen,127.92,395,50528.4,4.45,0.05,Seller_C,0,0.2333073880817829
Product_315,Max Product_315,Sports,214.3,148,31716.4,3.23,0.21,Seller_D,1,0.37923446863265453
Product_316,Pro Product_316,Automotive,347.15,576,199958.4,3.15,0.3,Seller_E,1,0.4011152879169084
Product_317,Pro Product_317,Clothing,447.16,644,287971.04,3.26,0.07,Seller_D,0,0.3222225529493327
Product_318,Pro Product_318,Electronics,215.27,400,86108.0,2.36,0.12,Seller_B,0,0.2674133878613535
Product_319,Ultra Product_319,Toys,150.61,90,13554.9,3.96,0.24,Seller_E,1,0.3688288358262758
Product_320,Ultra Product_320,Sports,355.93,22,7830.46,4.73,0.28,Seller_A,1,0.5290019211308841
Product_321,Super Product_321,Electronics,363.12,755,274155.6,4.18,0.23,Seller_B,1,0.30489386523133083
Product_322,Max Product_322,Electronics,432.53,442,191178.26,4.46,0.11,Seller_D,0,0.35119009233517967
Product_323,Pro Product_323,Home & Kitchen,255.13,150,38269.5,3.04,0.2,Seller_D,0,0.17247266589647217
Product_324,Max Product_324,Automotive,284.92,76,21653.92,3.54,0.04,Seller_A,0,0.39463377445295417
Product_325,Super Product_325,Automotive,102.43,144,14749.92,2.9,0.27,Seller_D,1,0.26652075924914687
Product_326,Ultra Product_326,Toys,123.4,712,87860.8,1.23,0.06,Seller_B,0,0.19754068056967833
Product_327,Eco Product_327,Toys,20.85,836,17430.6,2.64,0.11,Seller_D,0,0.18112893673144417
Product_328,Pro Product_328,Electronics,497.05,83,41255.15,2.61,0.03,Seller_A,0,0.4398596556906761
Product_329,Eco Product_329,Sports,481.87,374,180219.38,1.79,0.27,Seller_C,1,0.5567735179755298
Product_330,Ultra Product_330,Electronics,37.97,873,33147.81,4.27,0.07,Seller_D,0,0.21219759713451689
Product_331,Ultra Product_331,Home & Kitchen,446.33,383,170944.39,1.13,0.08,Seller_A,0,0.22202449187718953
Product_332,Max Product_332,Books,25.63,407,10431.41,3.21,0.19,Seller_A,0,0.2272737782311737
Product_333,Super Product_333,Beauty,173.25,689,119369.25,3.55,0.08,Seller_D,0,0.35962209875047413
Product_334,Eco Product_334,Home & Kitchen,246.8,312,77001.6,1.87,0.2,Seller_B,0,0.154499004260108
Product_335,Eco Product_335,Books,185.57,759,140847.63,3.32,0.11,Seller_E,0,0.2732073710009712
Product_336,Ultra Product_336,Sports,441.7,261,115283.7,2.71,0.08,Seller_B,0,0.4378206576486398
Product_337,Super Product_337,Books,48.01,332,15939.32,1.4,0.13,Seller_E,0,0.24451867909862612
Product_338,Eco Product_338,Beauty,195.8,827,161926.6,1.4,0.28,Seller_D,1,0.32274111672929384
Product_339,Ultra Product_339,Sports,56.63,565,31995.95,4.98,0.13,Seller_E,0,0.4230086320575567
Product_340,Max Product_340,Beauty,340.23,778,264698.94,4.4,0.25,Seller_D,1,0.41764865394367007
Product_341,Eco Product_341,Home & Kitchen,356.75,406,144840.5,2.94,0.08,Seller_C,0,0.27089025174673775
Product_342,Max Product_342,Sports,461.4,568,262075.2,3.23,0.3,Seller_D,1,0.4201212649690257
Product_343,Ultra Product_343,Sports,161.88,69,11169.72,3.58,0.09,Seller_D,0,0.37529184020234
Product_344,Pro Product_344,Home & Kitchen,430.03,573,246407.19,3.88,0.09,Seller_E,0,0.26758577645161086
Product_345,Max Product_345,Automotive,353.09,590,208323.1,3.48,0.14,Seller_C,0,0.4347187834244537
Product_346,Super Product_346,Sports,257.74,82,21134.68,2.74,0.11,Seller_D,0,0.3910638815277609
Product_347,Max Product_347,Home & Kitchen,134.09,463,62083.67,2.1,0.25,Seller_C,1,0.20380672659239799
Product_348,Ultra Product_348,Toys,124.34,413,51352.42,2.74,0.24,Seller_A,1,0.28256601573900864
Product_349,Max Product_349,Books,239.05,707,169008.35,4.04,0.1,Seller_B,0,0.2219047857393517
Product_350,Super Product_350,Automotive,66.22,857,56750.54,1.12,0.2,Seller_E,0,0.26629077672796675
Product_351,Super Product_351,Toys,271.14,82,22233.48,2.34,0.14,Seller_B,0,0.2898931117898842
Product_352,Pro Product_352,Home & Kitchen,428.29,120,51394.8,4.15,0.26,Seller_C,1,0.33008938171746094
Product_353,Ultra Product_353,Sports,64.57,912,58887.84,1.3,0.22,Seller_D,1,0.2486505699009452
Product_354,Eco Product_354,Clothing,363.33,171,62129.43,4.31,0.27,Seller_C,1,0.4844662351924799
Product_355,Pro Product_355,Clothing,325.57,884,287803.88,1.0,0.14,Seller_D,0,0.24147061303757053
Product_356,Pro Product_356,Automotive,454.7,519,235989.3,1.93,0.22,Seller_E,1,0.4212886673459361
Product_357,Eco Product_357,Beauty,105.2,605,63646.0,4.34,0.1,Seller_C,0,0.49057414210420164
Product_358,Super Product_358,Electronics,133.54,270,36055.8,3.46,0.3,Seller_A,1,0.32342601237283547
Product_359,Ultra Product_359,Books,314.81,810,254996.1,1.16,0.17,Seller_C,0,0.2983167723107215
Product_360,Max Product_360,Clothing,240.27,760,182605.2,1.34,0.12,Seller_A,0,0.28608083299948134
Product_361,Max Product_361,Clothing,152.31,770,117278.7,2.64,0.14,Seller_C,0,0.33683068002781275
Product_362,Super Product_362,Home & Kitchen,449.89,696,313123.44,4.38,0.17,Seller_C,0,0.2932104520086838
Product_363,Eco Product_363,Electronics,156.07,786,122671.02,1.4,0.27,Seller_E,1,0.2931129855401944
Product_364,Pro Product_364,Electronics,393.63,499,196421.37,2.5,0.2,Seller_B,0,0.310265186086884
Product_365,Eco Product_365,Clothing,291.64,258,75243.12,1.7,0.14,Seller_E,0,0.38308012460468926
Product_366,Eco Product_366,Electronics,241.25,398,96017.5,1.49,0.03,Seller_B,0,0.2630514632799532
Product_367,Super Product_367,Toys,304.55,486,148011.3,2.31,0.04,Seller_B,0,0.267956016806449
Product_368,Super Product_368,Toys,347.13,353,122536.89,1.39,0.27,Seller_B,1,0.2769663315681619
Product_369,Max Product_369,Toys,125.28,637,79803.36,4.06,0.02,Seller_E,0,0.3166226223822388
Product_370,Pro Product_370,Automotive,120.6,995,119997.0,3.59,0.2,Seller_D,0,0.22069764784059145
Product_371,Max Product_371,Beauty,370.26,522,193275.72,2.4,0.19,Seller_A,0,0.48633151173343303
Product_372,Ultra Product_372,Toys,38.98,674,26272.52,4.01,0.05,Seller_A,0,0.2575340540663031
Product_373,Max Product_373,Beauty,407.47,601,244889.47,4.52,0.3,Seller_A,1,0.5263472692221658
Product_374,Pro Product_374,Automotive,108.48,132,14319.36,1.4,0.29,Seller_D,1,0.2498975933562804
Product_375,Max Product_375,Beauty,140.07,156,21850.92,3.89,0.05,Seller_E,0,0.5083537850103026
Product_376,Pro Product_376,Sports,380.47,625,237793.75,2.06,0.25,Seller_C,1,0.5043128529753544
Product_377,Super Product_377,Beauty,207.09,217,44938.53,1.82,0.23,Seller_C,1,0.5190215875925164
Product_378,Max Product_378,Automotive,324.99,326,105946.74,3.96,0.2,Seller_B,0,0.3324298127096207
Product_379,Eco Product_379,Beauty,409.43,346,141662.78,4.4,0.29,Seller_A,1,0.5487820465731554
Product_380,Eco Product_380,Home & Kitchen,238.41,168,40052.88,1.95,0.19,Seller_A,0,0.19861399996901832
Product_381,Pro Product_381,Electronics,426.76,846,361038.96,2.9,0.26,Seller_A,1,0.3539074921513307
Product_382,Ultra Product_382,Automotive,297.78,980,291824.4,4.25,0.16,Seller_B,0,0.27701058670900625
Product_383,Super Product_383,Home & Kitchen,226.34,759,171792.06,2.41,0.17,Seller_E,0,0.19086869984897314
Product_384,Super Product_384,Toys,472.52,594,280676.88,2.15,0.01,Seller_D,0,0.29924589451968836
Product_385,Ultra Product_385,Electronics,466.44,786,366621.84,1.51,0.12,Seller_D,0,0.29045998777392984
Product_386,Pro Product_386,Sports,334.31,42,14041.02,4.36,0.29,Seller_E,1,0.5530959057696524
Product_387,Pro Product_387,Beauty,50.46,136,6862.56,2.68,0.28,Seller_B,1,0.36065424733964796
Product_388,Ultra Product_388,Beauty,472.84,67,31680.28,2.66,0.25,Seller_D,1,0.4987345345459764
Product_389,Pro Product_389,Electronics,484.33,529,256210.57,4.77,0.22,Seller_C,1,0.4971671219763659
Product_390,Pro Product_390,Sports,344.34,167,57504.78,3.59,0.09,Seller_A,0,0.4927224790625501
Product_391,Ultra Product_391,Sports,448.96,243,109097.28,4.73,0.29,Seller_B,1,0.47505919793975454
Product_392,Eco Product_392,Home & Kitchen,394.33,548,216092.84,1.26,0.2,Seller_E,0,0.2282116946209349
Product_393,Ultra Product_393,Electronics,144.43,674,97345.82,1.86,0.21,Seller_C,1,0.3296872457856922
Product_394,Pro Product_394,Home & Kitchen,216.22,148,32000.56,1.36,0.26,Seller_C,1,0.2342344329590375
Product_395,Pro Product_395,Toys,409.5,934,382473.0,1.28,0.23,Seller_C,1,0.36035349960549906
Product_396,Ultra Product_396,Clothing,435.75,103,44882.25,3.04,0.03,Seller_A,0,0.4265124385497003
Product_397,Super Product_397,Electronics,274.92,523,143783.16,3.47,0.3,Seller_A,1,0.3442068499709047
Product_398,Eco Product_398,Toys,294.99,26,7669.74,4.28,0.19,Seller_B,0,0.3285463974634982
Product_399,Max Product_399,Books,458.8,827,379427.6,1.03,0.14,Seller_A,0,0.27875713864476526
Product_400,Super Product_400,Home & Kitchen,53.84,560,30150.4,3.9,0.02,Seller_B,0,0.12848532978314117
Product_401,Super Product_401,Toys,485.97,555,269713.35,3.88,0.01,Seller_E,0,0.4324808782300745
Product_402,Pro Product_402,Automotive,72.52,633,45905.16,4.16,0.26,Seller_D,1,0.24013339347690027
Product_403,Super Product_403,Clothing,193.06,225,43438.5,2.43,0.18,Seller_D,0,0.2731428106446789
Product_404,Ultra Product_404,Sports,251.99,336,84668.64,4.56,0.2,Seller_C,0,0.5301223337176704
Product_405,Super Product_405,Automotive,457.75,56,25634.0,1.75,0.14,Seller_C,0,0.490487372688877
Product_406,Max Product_406,Clothing,368.38,611,225080.18,3.96,0.02,Seller_E,0,0.41161074477703924
Product_407,Pro Product_407,Electronics,72.95,760,55442.0,4.78,0.03,Seller_A,0,0.2860189816352661
Product_408,Super Product_408,Automotive,242.43,818,198307.74,4.43,0.3,Seller_C,1,0.39362902422535595
Product_409,Max Product_409,Electronics,463.29,59,27334.11,2.15,0.25,Seller_A,1,0.4236004385550558
Product_410,Super Product_410,Automotive,88.95,506,45008.7,4.05,0.29,Seller_D,1,0.25165463092657386
Product_411,Pro Product_411,Books,282.32,455,128455.6,4.41,0.22,Seller_B,1,0.25385148765903276
Product_412,Super Product_412,Beauty,326.81,25,8170.25,4.92,0.05,Seller_D,0,0.4916310843502631
Product_413,Ultra Product_413,Books,55.18,668,36860.24,2.25,0.11,Seller_D,0,0.16515829900570062
Product_414,Pro Product_414,Home & Kitchen,22.05,659,14530.95,4.27,0.2,Seller_C,0,0.19136500794648242
Product_415,Ultra Product_415,Books,313.72,605,189800.6,3.83,0.01,Seller_A,0,0.29431075351847114
Product_416,Max Product_416,Beauty,168.64,357,60204.48,3.84,0.29,Seller_B,1,0.3961118189158146
Product_417,Ultra Product_417,Sports,255.82,220,56280.4,2.69,0.24,Seller_C,1,0.5113397567922724
Product_418,Ultra Product_418,Automotive,68.0,741,50388.0,1.95,0.26,Seller_A,1,0.2553175595902117
Product_419,Eco Product_419,Automotive,393.76,753,296501.28,1.38,0.15,Seller_A,0,0.3361969591476765
Product_420,Ultra Product_420,Home & Kitchen,347.69,309,107436.21,1.74,0.2,Seller_C,0,0.26014009113100295
Product_421,Max Product_421,Sports,6.41,782,5012.62,4.67,0.13,Seller_A,0,0.34598399957978476
Product_422,Ultra Product_422,Books,279.0,111,30969.0,2.31,0.07,Seller_C,0,0.36248027379487496
Product_423,Max Product_423,Home & Kitchen,149.72,106,15870.32,2.0,0.23,Seller_A,1,0.18450059321283063
Product_424,Super Product_424,Electronics,330.83,938,310318.54,2.11,0.09,Seller_D,0,0.25154056899193883
Product_425,Eco Product_425,Beauty,15.86,937,14860.82,2.77,0.24,Seller_A,1,0.34159140531404014
Product_426,Ultra Product_426,Home & Kitchen,287.81,983,282917.23,3.1,0.19,Seller_D,0,0.1378603932331725
Product_427,Super Product_427,Sports,299.76,538,161270.88,1.42,0.23,Seller_E,1,0.44686309943271724
Product_428,Ultra Product_428,Electronics,249.94,895,223696.3,3.22,0.17,Seller_C,0,0.36300636384721247
Product_429,Pro Product_429,Sports,136.57,474,64734.18,3.35,0.0,Seller_C,0,0.4589801548170419
Product_430,Eco Product_430,Toys,83.57,785,65602.45,4.56,0.03,Seller_A,0,0.26799286211359397
Product_431,Max Product_431,Clothing,264.5,93,24598.5,1.35,0.18,Seller_A,0,0.34715114002877795
Product_432,Ultra Product_432,Electronics,329.44,704,231925.76,2.59,0.21,Seller_B,1,0.2778829631254751
Product_433,Ultra Product_433,Home & Kitchen,17.78,297,5280.66,2.9,0.17,Seller_A,0,0.15798569081736477
Product_434,Super Product_434,Electronics,82.66,420,34717.2,3.71,0.1,Seller_A,0,0.300421161474674
Product_435,Ultra Product_435,Electronics,341.8,626,213966.8,3.33,0.23,Seller_E,1,0.39032007944024055
Product_436,Pro Product_436,Beauty,77.63,244,18941.72,2.85,0.18,Seller_A,0,0.4233378805875607
Product_437,Ultra Product_437,Electronics,224.03,881,197370.43,2.1,0.16,Seller_C,0,0.3394698377267437
Product_438,Max Product_438,Books,379.37,362,137331.94,4.79,0.15,Seller_C,0,0.4106568575684593
Product_439,Max Product_439,Home & Kitchen,424.3,130,55159.0,3.17,0.22,Seller_B,1,0.21252113500939923
Product_440,Max Product_440,Automotive,18.89,309,5837.01,3.59,0.27,Seller_A,1,0.29628522094518284
Product_441,Pro Product_441,Clothing,139.3,746,103917.8,2.97,0.11,Seller_C,0,0.33987178215433184
Product_442,Max Product_442,Home & Kitchen,163.52,88,14389.76,3.59,0.29,Seller_A,1,0.20492713712521196
Product_443,Pro Product_443,Automotive,162.54,826,134258.04,2.45,0.14,Seller_E,0,0.31303594402947477
Product_444,Super Product_444,Home & Kitchen,436.03,474,206678.22,1.34,0.26,Seller_C,1,0.26574189494228384
Product_445,Max Product_445,Sports,152.29,87,13249.23,2.81,0.25,Seller_A,1,0.4241647552090538
Product_446,Super Product_446,Books,262.66,702,184387.32,1.16,0.22,Seller_E,1,0.269381746370724
Product_447,Super Product_447,Clothing,247.67,421,104269.07,2.07,0.06,Seller_D,0,0.26823878660033584
Product_448,Pro Product_448,Clothing,74.33,376,27948.08,2.9,0.06,Seller_C,0,0.35068848520198226
Product_449,Eco Product_449,Toys,189.66,149,28259.34,1.99,0.04,Seller_D,0,0.2553831240219617
Product_450,Max Product_450,Automotive,197.71,650,128511.5,1.1,0.01,Seller_E,0,0.31806091153028626
Product_451,Max Product_451,Toys,171.41,311,53308.51,2.68,0.01,Seller_B,0,0.2513118958151397
Product_452,Ultra Product_452,Clothing,140.28,270,37875.6,2.29,0.1,Seller_B,0,0.2578461167207053
Product_453,Eco Product_453,Automotive,448.59,994,445898.46,3.7,0.1,Seller_A,0,0.36720642497624245
Product_454,Super Product_454,Electronics,84.81,621,52667.01,1.42,0.02,Seller_A,0,0.2555051555450318
Product_455,Max Product_455,Electronics,336.8,831,279880.8,2.31,0.15,Seller_E,0,0.3550260493922569
Product_456,Pro Product_456,Electronics,33.99,269,9143.31,2.42,0.15,Seller_B,0,0.23230805106693278
Product_457,Eco Product_457,Electronics,299.28,136,40702.08,3.5,0.13,Seller_A,0,0.385757990952818
Product_458,Super Product_458,Toys,269.7,100,26970.0,3.94,0.22,Seller_A,1,0.3677247700252321
Product_459,Ultra Product_459,Beauty,80.41,987,79364.67,3.33,0.29,Seller_B,1,0.308147036291669
Product_460,Max Product_460,Electronics,199.26,343,68346.18,3.8,0.3,Seller_E,1,0.3780253422100518
Product_461,Super Product_461,Electronics,396.45,210,83254.5,3.19,0.08,Seller_A,0,0.40504865069923474
Product_462,Eco Product_462,Clothing,69.63,788,54868.44,3.84,0.16,Seller_A,0,0.2717166284255398
Product_463,Super Product_463,Automotive,234.36,330,77338.8,2.78,0.18,Seller_D,0,0.2859959886306934
Product_464,Super Product_464,Electronics,125.95,131,16499.45,4.27,0.19,Seller_A,0,0.3447075342431358
Product_465,Pro Product_465,Clothing,424.31,87,36914.97,2.18,0.22,Seller_B,1,0.3500439191773579
Product_466,Eco Product_466,Home & Kitchen,387.89,958,371598.62,4.81,0.18,Seller_D,0,0.17112034828368006
Product_467,Pro Product_467,Home & Kitchen,346.03,51,17647.53,3.61,0.04,Seller_E,0,0.28078531414220725
Product_468,Eco Product_468,Clothing,433.69,100,43369.0,1.65,0.11,Seller_D,0,0.3398157358597544
Product_469,Pro Product_469,Clothing,243.92,186,45369.12,3.5,0.13,Seller_D,0,0.3045469926333634
Product_470,Pro Product_470,Toys,187.72,363,68142.36,1.79,0.09,Seller_C,0,0.34970143467537074
Product_471,Pro Product_471,Electronics,170.83,692,118214.36,3.58,0.2,Seller_C,0,0.3618382840854136
Product_472,Pro Product_472,Toys,249.57,924,230602.68,2.53,0.13,Seller_A,0,0.2746728835652277
Product_473,Pro Product_473,Toys,314.99,79,24884.21,3.04,0.25,Seller_D,1,0.3083257070626655
Product_474,Super Product_474,Beauty,409.6,492,201523.2,4.93,0.07,Seller_C,0,0.6101141379377659
Product_475,Eco Product_475,Automotive,311.4,554,172515.6,2.6,0.15,Seller_C,0,0.4102951719181823
Product_476,Pro Product_476,Beauty,156.27,40,6250.8,4.91,0.22,Seller_D,1,0.4338554050848508
Product_477,Pro Product_477,Home & Kitchen,302.54,708,214198.32,3.61,0.1,Seller_A,0,0.19743810470524986
Product_478,Max Product_478,Electronics,284.97,169,48159.93,1.33,0.07,Seller_B,0,0.2896941307139178
Product_479,Super Product_479,Automotive,173.68,378,65651.04,1.77,0.14,Seller_B,0,0.25681321231550813
Product_480,Eco Product_480,Electronics,316.66,638,202029.08,2.9,0.25,Seller_C,1,0.40164656652393016
Product_481,Pro Product_481,Beauty,33.58,56,1880.48,3.39,0.1,Seller_E,0,0.4741342954586176
Product_482,Max Product_482,Home & Kitchen,388.61,23,8938.03,1.46,0.06,Seller_C,0,0.2885914949706753
Product_483,Ultra Product_483,Home & Kitchen,171.88,759,130456.92,1.66,0.04,Seller_E,0,0.17273938427969912
Product_484,Eco Product_484,Books,416.19,211,87816.09,4.27,0.23,Seller_C,1,0.42795526376046794
Product_485,Super Product_485,Clothing,424.29,622,263908.38,1.48,0.23,Seller_B,1,0.2961237874976812
Product_486,Eco Product_486,Automotive,210.9,863,182006.7,1.02,0.22,Seller_C,1,0.32813242602299325
Product_487,Ultra Product_487,Automotive,255.32,765,195319.8,2.22,0.04,Seller_A,0,0.3072685573086726
Product_488,Pro Product_488,Books,118.44,134,15870.96,2.45,0.21,Seller_B,1,0.2132981856172753
Product_489,Pro Product_489,Beauty,107.84,823,88752.32,4.03,0.16,Seller_A,0,0.39940924625459084
Product_490,Ultra Product_490,Clothing,182.98,508,92953.84,1.22,0.27,Seller_B,1,0.23855585457956566
Product_491,Eco Product_491,Clothing,496.14,248,123042.72,3.44,0.19,Seller_C,0,0.5069113571887613
Product_492,Super Product_492,Books,244.38,114,27859.32,3.47,0.14,Seller_D,0,0.2533771333639902
Product_493,Super Product_493,Electronics,24.09,617,14863.53,1.21,0.23,Seller_A,1,0.23821867741898106
Product_494,Super Product_494,Sports,244.73,310,75866.3,1.72,0.24,Seller_C,1,0.4831715346070657
Product_495,Super Product_495,Books,302.87,206,62391.22,1.58,0.27,Seller_D,1,0.23817580328795732
Product_496,Super Product_496,Automotive,408.16,97,39591.52,2.97,0.01,Seller_E,0,0.4620330105336904
Product_497,Ultra Product_497,Beauty,252.98,27,6830.46,2.5,0.12,Seller_B,0,0.43174007618137283
Product_498,Max Product_498,Books,487.46,824,401667.04,1.07,0.11,Seller_E,0,0.3205887295243431
Product_499,Ultra Product_499,Clothing,135.59,352,47727.68,2.04,0.23,Seller_D,1,0.2444442192693436
Product_500,Eco Product_500,Toys,370.25,526,194751.5,2.67,0.06,Seller_D,0,0.283592801783628
